{
  "lgbm": {
    "trades": 235,
    "win": 169,
    "loss": 66,
    "mistakes": 66,
    "win_rate": 71.91489361702128,
    "final_balance": 10654.959310615983,
    "pnl_curve": [
      10000.0,
      9999.611505116489,
      10002.039282565991,
      10013.980193733565,
      10012.980193733565,
      10011.980193733565,
      10010.980193733565,
      10009.980193733565,
      10012.059048141105,
      10016.432009444508,
      10015.790255164082,
      10014.790255164082,
      10017.880956500443,
      10022.372960916284,
      10022.903397330796,
      10021.903397330796,
      10020.903397330796,
      10024.434818505462,
      10028.250920781647,
      10035.26273782496,
      10034.26273782496,
      10038.323516020504,
      10047.546886208824,
      10046.546886208824,
      10050.59146509391,
      10063.052270469421,
      10066.971916427205,
      10085.969805795563,
      10084.969805795563,
      10083.969805795563,
      10089.595260634924,
      10091.159123659158,
      10092.914794584542,
      10098.007852948655,
      10121.08880085826,
      10177.04409837012,
      10193.311490524928,
      10197.89211222931,
      10205.793489995973,
      10209.252868218284,
      10208.252868218284,
      10210.390052577262,
      10209.390052577262,
      10209.660878532402,
      10216.496634351528,
      10216.148126122813,
      10216.970017308155,
      10215.970017308155,
      10214.970017308155,
      10225.454855642796,
      10227.796865329263,
      10237.457886730566,
      10242.680767329282,
      10241.680767329282,
      10248.365054016664,
      10247.895260222373,
      10246.895260222373,
      10245.895260222373,
      10248.830869162612,
      10256.239661044698,
      10257.881375296238,
      10259.367806657247,
      10264.331652142142,
      10265.025247113485,
      10266.760995455961,
      10270.76561406457,
      10275.566527474833,
      10280.182489845865,
      10280.793834034952,
      10281.294055969696,
      10280.294055969696,
      10290.990334552163,
      10289.990334552163,
      10294.711265974971,
      10294.760920627741,
      10295.248189764387,
      10298.236988057097,
      10299.589223328518,
      10303.373066826067,
      10302.373066826067,
      10303.127924611474,
      10302.127924611474,
      10308.796830712698,
      10319.328997158827,
      10318.914863496899,
      10317.914863496899,
      10322.37930613666,
      10324.246230949188,
      10324.674817874884,
      10325.131947233162,
      10328.34721276068,
      10330.924841849755,
      10335.883892518152,
      10337.916283775452,
      10339.94722938458,
      10342.793096912144,
      10341.793096912144,
      10357.881493081684,
      10361.898256664263,
      10371.42189734938,
      10370.69482602153,
      10375.364092585998,
      10376.751275306233,
      10378.470415391641,
      10379.736804261101,
      10382.282081661093,
      10384.711732374228,
      10388.231865396398,
      10391.006660300818,
      10393.378118489387,
      10394.971308244654,
      10393.97802468183,
      10394.33657832329,
      10399.8321262654,
      10404.49442157145,
      10406.593972576838,
      10409.457971775115,
      10414.59605845838,
      10413.59605845838,
      10423.032686151031,
      10422.032686151031,
      10423.944696753419,
      10425.238137265309,
      10427.151662582144,
      10429.683650904428,
      10436.508503119556,
      10446.68332494931,
      10447.549368826747,
      10450.481774701424,
      10452.785586938116,
      10454.389951723871,
      10455.763730493247,
      10461.352394169477,
      10460.352394169477,
      10466.333603278168,
      10470.069263032505,
      10472.59375781969,
      10475.105639492125,
      10475.901111843175,
      10478.815815583543,
      10479.641383812152,
      10482.405531053008,
      10481.405531053008,
      10483.821332038786,
      10486.574320137575,
      10488.453778452385,
      10489.281289948125,
      10491.655183738185,
      10492.097702807854,
      10492.929058706419,
      10491.929058706419,
      10497.139634986826,
      10500.352827671455,
      10499.5366410647,
      10500.313593451072,
      10502.234429482682,
      10503.577516779802,
      10506.061511192598,
      10505.061511192598,
      10506.926038993126,
      10515.373985512831,
      10516.358048959079,
      10515.358048959079,
      10524.816199027424,
      10523.816199027424,
      10526.80019788148,
      10528.44615507252,
      10527.44615507252,
      10528.795919946771,
      10529.15992544355,
      10529.045491653264,
      10529.725529557776,
      10529.888267999077,
      10531.68434907467,
      10532.165313679347,
      10536.69064601614,
      10547.31182062827,
      10549.0690684747,
      10549.667757710991,
      10550.297588753825,
      10551.216907198528,
      10553.420822831426,
      10555.373245773642,
      10555.496808770942,
      10554.600897300741,
      10557.55952181667,
      10562.075347320582,
      10566.457165721495,
      10571.276979279717,
      10572.058853560737,
      10574.960567379114,
      10574.950901549102,
      10584.402159997482,
      10583.708583397312,
      10590.42908474747,
      10589.42908474747,
      10593.848206094808,
      10593.451506922795,
      10592.451506922795,
      10591.451506922795,
      10591.54327516959,
      10590.54327516959,
      10593.766686812647,
      10592.766686812647,
      10594.067047862029,
      10595.61695164877,
      10597.526855301452,
      10596.526855301452,
      10597.529370879454,
      10597.503495188274,
      10596.503495188274,
      10596.801611028242,
      10596.362543852263,
      10596.47514287948,
      10595.47514287948,
      10596.024870503019,
      10597.036537774675,
      10602.270641072639,
      10604.718535467082,
      10603.718535467082,
      10602.718535467082,
      10604.839086133357,
      10605.86007307033,
      10605.686033201202,
      10641.337104481887,
      10642.175338606281,
      10641.175338606281,
      10640.175338606281,
      10649.594809222306,
      10656.120831532106,
      10655.120831532106,
      10654.120831532106,
      10655.959310615983,
      10654.959310615983,
      10654.959310615983
    ],